serie,fecha,valor_anterior,valor_nuevo,detectado_el
desocupados,2010-03-01,718.398334604716,716.976974854984,2026-10-07
desocupados,2010-04-01,699.039020780117,697.892894603963,2026-10-07
desocupados,2010-05-01,694.415950688155,694.698773324443,2026-10-07
desocupados,2010-06-01,679.159859023094,678.634900397612,2026-10-07
desocupados,2010-07-01,664.605808921513,662.920949818356,2026-10-07
desocupados,2010-08-01,666.505837152424,664.838521923874,2026-10-07
desocupados,2010-09-01,639.149998408022,640.277471399268,2026-10-07
desocupados,2010-10-01,621.419430550657,626.109026275071,2026-10-07
desocupados,2010-11-01,601.439873452562,605.885992558458,2026-10-07
desocupados,2010-12-01,615.187629449945,615.489612547187,2026-10-07
desocupados,2011-01-01,626.079292231237,624.247450953583,2026-10-07
desocupados,2011-02-01,621.977135946819,620.070921541527,2026-10-07
desocupados,2011-03-01,614.396745099539,613.337397748807,2026-10-07
desocupados,2011-04-01,596.058066286398,595.365476439595,2026-10-07
desocupados,2011-05-01,584.668903853638,585.079538850706,2026-10-07
desocupados,2011-06-01,593.901725391208,593.308228295071,2026-10-07
desocupados,2011-07-01,619.10864674655,617.495603895083,2026-10-07
desocupados,2011-08-01,620.957411430927,619.308145570401,2026-10-07
desocupados,2011-09-01,622.310200857674,623.275957783747,2026-10-07
desocupados,2011-10-01,612.569485523353,616.227742215352,2026-10-07
desocupados,2011-11-01,629.392650808651,633.881506452702,2026-10-07
desocupados,2011-12-01,594.485480648498,594.705167982252,2026-10-07
desocupados,2012-01-01,588.003044033869,586.305838114142,2026-10-07
desocupados,2012-02-01,557.401815704293,555.697424550249,2026-10-07
desocupados,2012-03-01,564.841032253922,563.70334631557,2026-10-07
desocupados,2012-04-01,570.56933222523,570.174458255719,2026-10-07
desocupados,2012-05-01,564.576046486549,565.275527782704,2026-10-07
desocupados,2012-06-01,561.647548910717,561.089710736458,2026-10-07
desocupados,2012-07-01,550.079010634366,548.993861045976,2026-10-07
desocupados,2012-08-01,542.138301841742,540.900327910528,2026-10-07
desocupados,2012-09-01,543.851823175646,544.367830945207,2026-10-07
desocupados,2012-10-01,560.28491195198,563.111307316667,2026-10-07
desocupados,2012-11-01,555.358294480146,559.252892379143,2026-10-07
desocupados,2012-12-01,552.261533258148,552.498504089626,2026-10-07
desocupados,2013-01-01,532.030836152828,530.699686695007,2026-10-07
desocupados,2013-02-01,551.51002954176,549.554697416004,2026-10-07
desocupados,2013-03-01,544.349716905153,542.871596983008,2026-10-07
desocupados,2013-05-01,541.386433466058,542.187206655665,2026-10-07
desocupados,2013-06-01,525.538320887537,525.363443603289,2026-10-07
desocupados,2013-07-01,489.754781819854,489.06220266273,2026-10-07
desocupados,2013-08-01,491.677791531421,490.745207002957,2026-10-07
desocupados,2013-09-01,487.645729640709,487.901181931074,2026-10-07
desocupados,2013-10-01,503.695099106822,505.296017343327,2026-10-07
desocupados,2013-11-01,519.497320485349,522.234532164266,2026-10-07
desocupados,2013-12-01,523.984632851161,524.287044572952,2026-10-07
desocupados,2014-01-01,555.700168776567,554.672069465626,2026-10-07
desocupados,2014-02-01,551.321865882867,549.302609203759,2026-10-07
desocupados,2014-03-01,565.087407455535,563.297575684945,2026-10-07
desocupados,2014-04-01,536.617260737132,536.912010328673,2026-10-07
desocupados,2014-05-01,529.998932281814,530.785784283999,2026-10-07
desocupados,2014-06-01,552.468975167786,552.320567096078,2026-10-07
desocupados,2014-07-01,555.519380809222,555.175682851927,2026-10-07
desocupados,2014-08-01,579.930430041892,579.231660483534,2026-10-07
desocupados,2014-09-01,572.888772942622,573.122267002878,2026-10-07
desocupados,2014-10-01,567.663339922787,568.593743497599,2026-10-07
desocupados,2014-11-01,563.602062341523,566.16690894114,2026-10-07
desocupados,2014-12-01,576.752040421877,577.106234036039,2026-10-07
desocupados,2015-01-01,566.716315296127,566.437091356632,2026-10-07
desocupados,2015-02-01,562.665532534397,560.974035562367,2026-10-07
desocupados,2015-03-01,544.546071043711,543.326510665643,2026-10-07
desocupados,2015-04-01,558.629161963067,558.807243408835,2026-10-07
desocupados,2015-05-01,569.613859415654,570.125971997672,2026-10-07
desocupados,2015-06-01,570.089745774696,569.61382567096,2026-10-07
desocupados,2015-07-01,569.48109928145,569.214588189189,2026-10-07
desocupados,2015-08-01,567.955730766792,567.503589956483,2026-10-07
desocupados,2015-09-01,567.169326028929,567.795242222558,2026-10-07
desocupados,2015-11-01,571.976390030123,574.347740156691,2026-10-07
desocupados,2015-12-01,557.882583713319,558.221874026928,2026-10-07
desocupados,2016-01-01,551.614182257855,552.34789513223,2026-10-07
desocupados,2016-02-01,556.995895002269,556.162995355626,2026-10-07
desocupados,2016-03-01,577.703779589636,576.872951577129,2026-10-07
desocupados,2016-04-01,593.265764736871,593.199713151121,2026-10-07
desocupados,2016-06-01,609.450150668473,607.946380536617,2026-10-07
desocupados,2016-07-01,626.155025549648,625.975370046909,2026-10-07
desocupados,2016-08-01,621.161593034097,620.664998632815,2026-10-07
desocupados,2016-09-01,619.090661810718,619.950932584678,2026-10-07
desocupados,2016-10-01,604.963088220542,604.104285219825,2026-10-07
desocupados,2016-11-01,604.158283461526,606.318455213872,2026-10-07
desocupados,2016-12-01,599.00760470029,599.56388173249,2026-10-07
desocupados,2017-01-01,603.522672529657,605.608210405435,2026-10-07
desocupados,2017-02-01,631.318908338792,630.9848625194,2026-10-07
desocupados,2017-03-01,635.742258888971,635.21889943148,2026-10-07
desocupados,2017-04-01,647.736299550813,647.88737300139,2026-10-07
desocupados,2017-05-01,648.894660661948,648.192915186789,2026-10-07
desocupados,2017-06-01,653.420282259584,649.771876981546,2026-10-07
desocupados,2017-07-01,634.243352074127,634.09404705916,2026-10-07
desocupados,2017-08-01,622.447749445436,621.923044911281,2026-10-07
desocupados,2017-09-01,634.959187993723,635.766785710696,2026-10-07
desocupados,2017-10-01,657.77076549288,656.341137083187,2026-10-07
desocupados,2017-11-01,655.084399162646,657.878726705653,2026-10-07
desocupados,2017-12-01,650.858390297262,651.887266539083,2026-10-07
desocupados,2018-01-01,663.757804866542,667.23111014576,2026-10-07
desocupados,2018-02-01,674.21748607314,675.534465306152,2026-10-07
desocupados,2018-03-01,684.380556672631,685.165169437521,2026-10-07
desocupados,2018-04-01,657.383479731892,657.878790771206,2026-10-07
desocupados,2018-05-01,674.941254348215,673.581674186518,2026-10-07
desocupados,2018-06-01,694.459223863886,688.412139262544,2026-10-07
desocupados,2018-07-01,709.624684135077,709.011960437974,2026-10-07
desocupados,2018-08-01,713.734656357743,712.541154257756,2026-10-07
desocupados,2018-09-01,691.632983504955,692.095228258849,2026-10-07
desocupados,2018-10-01,714.033169782582,712.757659143323,2026-10-07
desocupados,2018-11-01,728.515592126445,731.362924229964,2026-10-07
desocupados,2018-12-01,731.497742596532,733.582545605191,2026-10-07
desocupados,2019-01-01,705.355748717914,709.95961671022,2026-10-07
desocupados,2019-02-01,680.908176419048,683.117020499121,2026-10-07
desocupados,2019-03-01,676.247867974208,677.824275694987,2026-10-07
desocupados,2019-04-01,675.113636231476,676.241912369494,2026-10-07
desocupados,2019-05-01,677.018336583784,675.192863732058,2026-10-07
desocupados,2019-06-01,685.627696240866,678.017626024394,2026-10-07
desocupados,2019-07-01,698.470496230453,697.389834279775,2026-10-07
desocupados,2019-08-01,716.206414107174,714.533775302738,2026-10-07
desocupados,2019-09-01,705.158561225554,705.032188658174,2026-10-07
desocupados,2019-10-01,703.912062634694,703.396862866989,2026-10-07
desocupados,2019-11-01,708.302670997663,711.246317115444,2026-10-07
desocupados,2019-12-01,731.96435401065,735.063286871989,2026-10-07
desocupados,2020-01-01,749.728474670212,754.238265010756,2026-10-07
desocupados,2020-02-01,772.107077372506,775.134007832295,2026-10-07
desocupados,2020-03-01,777.512074099484,779.831556604103,2026-10-07
desocupados,2020-04-01,804.583130925304,806.951310567092,2026-10-07
desocupados,2020-05-01,922.677404065232,919.756686234346,2026-10-07
desocupados,2020-06-01,980.26632082076,968.398763858921,2026-10-07
desocupados,2020-07-01,1024.98902270647,1021.2202810691,2026-10-07
desocupados,2020-08-01,1036.13332842046,1032.13800089693,2026-10-07
desocupados,2020-09-01,1021.22628513826,1019.47960322871,2026-10-07
desocupados,2020-10-01,1010.71738756375,1011.01796629412,2026-10-07
desocupados,2020-11-01,993.886454012594,996.968277466438,2026-10-07
desocupados,2020-12-01,974.498842009539,979.353343267479,2026-10-07
desocupados,2021-01-01,956.692202085251,961.376542570393,2026-10-07
desocupados,2021-02-01,947.542142538889,951.927813467628,2026-10-07
desocupados,2021-03-01,914.769161268859,919.427553551631,2026-10-07
desocupados,2021-04-01,909.555940462207,913.17270701942,2026-10-07
desocupados,2021-05-01,883.976911872966,881.116616890818,2026-10-07
desocupados,2021-06-01,837.80364931507,828.251907980226,2026-10-07
desocupados,2021-07-01,775.309201349793,772.223634510021,2026-10-07
desocupados,2021-08-01,752.12960589971,749.405135076106,2026-10-07
desocupados,2021-09-01,757.22962208662,755.968390332552,2026-10-07
desocupados,2021-10-01,746.783142967338,748.01232424983,2026-10-07
desocupados,2021-11-01,722.745167921518,724.42260771123,2026-10-07
desocupados,2021-12-01,710.173905181948,713.396199936913,2026-10-07
desocupados,2022-01-01,708.225162340637,710.056114367429,2026-10-07
desocupados,2022-02-01,717.208018775693,720.204931405021,2026-10-07
desocupados,2022-03-01,720.702711992073,724.378374156023,2026-10-07
desocupados,2022-04-01,725.130296368968,727.522419866507,2026-10-07
desocupados,2022-05-01,739.085654069776,737.026089805255,2026-10-07
desocupados,2022-06-01,745.162669322667,738.476055444561,2026-10-07
desocupados,2022-07-01,742.502140508729,739.450345907304,2026-10-07
desocupados,2022-08-01,745.140901856364,742.464656559717,2026-10-07
desocupados,2022-09-01,766.632110784014,765.707870652195,2026-10-07
desocupados,2022-10-01,770.537145715104,772.804689454624,2026-10-07
desocupados,2022-11-01,792.227064289512,793.752721919359,2026-10-07
desocupados,2022-12-01,807.581775801051,810.765735357257,2026-10-07
desocupados,2023-01-01,818.250918374459,818.952049596712,2026-10-07
desocupados,2023-02-01,833.063561671572,835.563888405201,2026-10-07
desocupados,2023-03-01,842.760818510763,846.447367338439,2026-10-07
desocupados,2023-04-01,832.398118145962,834.517684346969,2026-10-07
desocupados,2023-05-01,829.805613902561,828.997906610368,2026-10-07
desocupados,2023-06-01,837.591616979426,832.174453385786,2026-10-07
desocupados,2023-07-01,849.856237671175,846.722700141945,2026-10-07
desocupados,2023-08-01,872.243087844287,868.766363987408,2026-10-07
desocupados,2023-09-01,875.468621699089,875.035439302524,2026-10-07
desocupados,2023-10-01,883.212099171112,885.826027174505,2026-10-07
desocupados,2023-11-01,899.194320917317,901.242959330023,2026-10-07
desocupados,2023-12-01,900.93244167921,903.29831101332,2026-10-07
desocupados,2024-01-01,889.080996772594,888.211506424426,2026-10-07
desocupados,2024-02-01,876.436672964808,877.838102692394,2026-10-07
desocupados,2024-03-01,857.551529329102,860.209756032632,2026-10-07
desocupados,2024-04-01,847.902948548174,849.337356278521,2026-10-07
desocupados,2024-05-01,830.817151411923,831.644204034578,2026-10-07
desocupados,2024-06-01,842.441263095688,838.252516766497,2026-10-07
desocupados,2024-07-01,862.614942576988,860.100014238483,2026-10-07
desocupados,2024-08-01,884.776097374948,880.928001828214,2026-10-07
desocupados,2024-09-01,876.654425363156,876.556349632616,2026-10-07
desocupados,2024-10-01,868.06677219059,870.340095902999,2026-10-07
desocupados,2024-11-01,852.268177529315,854.792511677023,2026-10-07
desocupados,2024-12-01,863.887758149269,865.957459756291,2026-10-07
desocupados,2025-01-01,856.585383598537,856.327255355721,2026-10-07
desocupados,2025-02-01,874.674608869844,875.003181970648,2026-10-07
desocupados,2025-03-01,871.178664432444,872.404042566552,2026-10-07
desocupados,2025-04-01,885.355684865393,886.580895585692,2026-10-07
desocupados,2025-05-01,897.607267829309,900.432994430026,2026-10-07
desocupados,2025-06-01,900.873543965423,895.776401064122,2026-10-07
desocupados,2025-07-01,870.928979634252,868.778944610965,2026-10-07
desocupados,2025-08-01,859.021823366278,854.133338239842,2026-10-07
desocupados,2025-09-01,864.22950780915,861.450188180591,2026-10-07
desocupados,2025-10-01,865.422789023553,865.224811794223,2026-10-07
desocupados,2025-11-01,884.976310254884,888.910966923251,2026-10-07
desocupados,2025-12-01,876.222017527342,877.971976694036,2026-10-07
desocupados,2026-01-01,897.235294872535,897.097172208579,2026-10-07
desocupados,2026-02-01,878.621843897119,879.371487119436,2026-10-07
desocupados,2026-03-01,900.544689170788,902.244117614221,2026-10-07
desocupados,2026-04-01,920.688339957459,923.563704750343,2026-10-07
desocupados,2026-05-01,957.079255476088,961.677557303976,2026-10-07
desocupados,2026-06-01,963.27135293238,964.555507619737,2026-10-07
desocupados,2026-07-01,957.753035052624,957.429049386757,2026-10-07
eeuu_ipp,2026-03-01,6.7,6.8,2026-10-07
eeuu_ipp,2026-05-01,13.0,12.1,2026-10-07
eeuu_ipp,2026-06-01,9.9,9.8,2026-10-07
exportaciones_agropecuario,2026-01-01,1815.3287068,1814.1950347,2026-10-07
exportaciones_agropecuario,2026-02-01,638.70496137,658.62052158,2026-10-07
exportaciones_agropecuario,2026-03-01,652.63087385,658.03028153,2026-10-07
exportaciones_agropecuario,2026-04-01,670.19162227,671.16568018,2026-10-07
exportaciones_agropecuario,2026-05-01,464.54387253,466.83099958,2026-10-07
exportaciones_agropecuario,2026-06-01,510.65655191,510.70072305,2026-10-07
exportaciones_industrial,2026-01-01,3312.9640671,3343.8823225,2026-10-07
exportaciones_industrial,2026-02-01,2760.2374951,2769.9415814,2026-10-07
exportaciones_industrial,2026-03-01,3308.4140852,3312.1288934,2026-10-07
exportaciones_industrial,2026-04-01,3084.9351751,3111.378602,2026-10-07
exportaciones_industrial,2026-05-01,2915.2089089,2916.3155195,2026-10-07
exportaciones_industrial,2026-06-01,3331.9675822,3306.8209987,2026-10-07
exportaciones_mineria,2026-01-01,5816.4926153,6312.1888868,2026-10-07
exportaciones_mineria,2026-02-01,5397.4062918,5937.2419135,2026-10-07
exportaciones_mineria,2026-03-01,6604.8924207,7186.4233221,2026-10-07
exportaciones_mineria,2026-04-01,5963.2339376,6696.8912535,2026-10-07
exportaciones_mineria,2026-05-01,6160.1565278,6657.8334403,2026-10-07
exportaciones_mineria,2026-06-01,6946.1866041,7173.9140003,2026-10-07
fuerza_trabajo,2010-03-01,7859.86941911695,7849.16294946895,2026-10-07
fuerza_trabajo,2010-04-01,7879.89670587499,7869.00938507642,2026-10-07
fuerza_trabajo,2010-05-01,7881.18621328541,7876.87863070797,2026-10-07
fuerza_trabajo,2010-08-01,8005.77500028802,8009.51268437662,2026-10-07
fuerza_trabajo,2010-09-01,8062.82307636462,8069.32658224629,2026-10-07
fuerza_trabajo,2010-10-01,8064.54606006513,8068.67629414539,2026-10-07
fuerza_trabajo,2010-11-01,8103.54550433618,8109.96748132583,2026-10-07
fuerza_trabajo,2010-12-01,8155.11398689577,8156.42950819414,2026-10-07
fuerza_trabajo,2011-02-01,8181.23116352091,8184.35882244716,2026-10-07
fuerza_trabajo,2011-03-01,8221.64640128685,8212.30373702794,2026-10-07
fuerza_trabajo,2011-04-01,8230.51262638535,8221.25792912686,2026-10-07
fuerza_trabajo,2011-05-01,8253.78711326913,8250.01642361208,2026-10-07
fuerza_trabajo,2011-08-01,8360.85583559304,8363.08364350036,2026-10-07
fuerza_trabajo,2011-09-01,8347.58125737834,8353.28460003284,2026-10-07
fuerza_trabajo,2011-10-01,8345.80634817036,8348.79187312038,2026-10-07
fuerza_trabajo,2011-11-01,8343.26568710035,8349.89313805554,2026-10-07
fuerza_trabajo,2012-02-01,8370.6948703032,8373.20525456464,2026-10-07
fuerza_trabajo,2012-03-01,8393.42108204206,8385.69818722537,2026-10-07
fuerza_trabajo,2012-04-01,8398.78386908278,8392.71342879891,2026-10-07
fuerza_trabajo,2012-05-01,8404.34192175893,8402.04585824644,2026-10-07
fuerza_trabajo,2012-09-01,8455.54452555878,8460.29612297715,2026-10-07
fuerza_trabajo,2012-10-01,8479.73827668633,8481.95832287301,2026-10-07
fuerza_trabajo,2012-11-01,8474.46520775746,8479.80657826385,2026-10-07
fuerza_trabajo,2013-02-01,8483.82304205283,8485.62741165282,2026-10-07
fuerza_trabajo,2013-03-01,8520.05530718246,8513.9880342772,2026-10-07
fuerza_trabajo,2013-04-01,8557.93142274962,8555.24659207995,2026-10-07
fuerza_trabajo,2013-05-01,8559.27709072954,8558.37564995002,2026-10-07
fuerza_trabajo,2013-07-01,8531.75384523273,8530.10197730693,2026-10-07
fuerza_trabajo,2013-08-01,8567.19067052481,8565.44782492166,2026-10-07
fuerza_trabajo,2013-09-01,8535.22039933703,8539.43400140308,2026-10-07
fuerza_trabajo,2013-10-01,8562.2592918633,8563.67419755374,2026-10-07
fuerza_trabajo,2013-11-01,8575.41846886472,8579.37859297792,2026-10-07
fuerza_trabajo,2014-02-01,8693.76678431831,8694.81281301832,2026-10-07
fuerza_trabajo,2014-03-01,8708.01931989589,8703.21719227772,2026-10-07
fuerza_trabajo,2014-04-01,8697.12903068645,8696.01448221311,2026-10-07
fuerza_trabajo,2014-07-01,8696.53461225317,8695.23431649845,2026-10-07
fuerza_trabajo,2014-08-01,8692.86776344073,8690.62055867361,2026-10-07
fuerza_trabajo,2014-09-01,8696.48495180808,8700.90019310793,2026-10-07
fuerza_trabajo,2014-10-01,8735.20751791623,8736.68754427396,2026-10-07
fuerza_trabajo,2014-11-01,8756.51628882341,8759.40687699535,2026-10-07
fuerza_trabajo,2015-03-01,8765.41545126851,8761.92326286706,2026-10-07
fuerza_trabajo,2015-04-01,8770.88155422665,8769.37308910779,2026-10-07
fuerza_trabajo,2015-07-01,8848.18218069199,8846.58564261207,2026-10-07
fuerza_trabajo,2015-08-01,8888.45351165508,8886.41963244821,2026-10-07
fuerza_trabajo,2015-09-01,8903.26746046481,8909.20744900497,2026-10-07
fuerza_trabajo,2015-10-01,8914.41628696178,8915.45426288143,2026-10-07
fuerza_trabajo,2015-11-01,8910.82815321965,8913.86777499568,2026-10-07
fuerza_trabajo,2016-03-01,8931.63670022165,8927.93212335125,2026-10-07
fuerza_trabajo,2016-04-01,8956.3209201931,8953.15220995827,2026-10-07
fuerza_trabajo,2016-06-01,8982.72731517565,8980.83775058762,2026-10-07
fuerza_trabajo,2016-09-01,9028.70911507444,9037.83502462148,2026-10-07
fuerza_trabajo,2016-10-01,9029.01455438408,9030.0488482989,2026-10-07
fuerza_trabajo,2016-11-01,9049.90871858068,9052.92100870584,2026-10-07
fuerza_trabajo,2017-02-01,9063.03002280566,9060.99384943139,2026-10-07
fuerza_trabajo,2017-03-01,9116.30677166578,9111.67572281166,2026-10-07
fuerza_trabajo,2017-04-01,9138.52483402799,9134.20039273985,2026-10-07
fuerza_trabajo,2017-05-01,9192.14684960559,9191.06857084124,2026-10-07
fuerza_trabajo,2017-06-01,9214.74432151607,9209.82899330542,2026-10-07
fuerza_trabajo,2017-08-01,9264.96879516914,9265.96923903136,2026-10-07
fuerza_trabajo,2017-09-01,9277.11093588127,9292.11162447096,2026-10-07
fuerza_trabajo,2017-10-01,9309.68954854605,9311.19613242842,2026-10-07
fuerza_trabajo,2017-11-01,9347.74505535797,9350.00058291515,2026-10-07
fuerza_trabajo,2018-01-01,9369.03897110638,9370.68553035648,2026-10-07
fuerza_trabajo,2018-02-01,9406.15713565544,9401.71036043685,2026-10-07
fuerza_trabajo,2018-03-01,9439.52808838585,9434.56587099521,2026-10-07
fuerza_trabajo,2018-04-01,9433.36226599838,9427.38155423849,2026-10-07
fuerza_trabajo,2018-05-01,9451.89758603878,9450.43558522665,2026-10-07
fuerza_trabajo,2018-06-01,9489.2096565623,9480.93577954907,2026-10-07
fuerza_trabajo,2018-07-01,9485.54599934246,9484.22131756804,2026-10-07
fuerza_trabajo,2018-08-01,9487.77706677145,9490.56269705149,2026-10-07
fuerza_trabajo,2018-09-01,9430.80545204002,9451.42277530175,2026-10-07
fuerza_trabajo,2018-10-01,9515.68959236177,9519.74989181007,2026-10-07
fuerza_trabajo,2018-11-01,9542.88141189458,9543.92747119553,2026-10-07
fuerza_trabajo,2019-01-01,9541.06633726709,9543.38918633733,2026-10-07
fuerza_trabajo,2019-02-01,9536.62950962342,9528.63613192861,2026-10-07
fuerza_trabajo,2019-03-01,9548.26630990148,9542.92347959336,2026-10-07
fuerza_trabajo,2019-04-01,9587.15516697968,9580.97660496614,2026-10-07
fuerza_trabajo,2019-06-01,9647.24082784544,9637.0874341504,2026-10-07
fuerza_trabajo,2019-07-01,9679.12865808658,9677.38816942324,2026-10-07
fuerza_trabajo,2019-08-01,9710.40102102534,9714.47758563767,2026-10-07
fuerza_trabajo,2019-09-01,9736.57703322634,9761.26566530753,2026-10-07
fuerza_trabajo,2019-10-01,9725.63008257379,9732.54788701063,2026-10-07
fuerza_trabajo,2020-01-01,9771.29748970711,9773.16354115955,2026-10-07
fuerza_trabajo,2020-02-01,9779.25342476089,9768.88823987495,2026-10-07
fuerza_trabajo,2020-03-01,9704.13491703619,9698.54909229686,2026-10-07
fuerza_trabajo,2020-04-01,9036.36812419228,9031.83574096944,2026-10-07
fuerza_trabajo,2020-06-01,8150.97013476825,8136.55483200525,2026-10-07
fuerza_trabajo,2020-07-01,8149.95912473553,8144.76226356609,2026-10-07
fuerza_trabajo,2020-08-01,8276.06991401797,8277.13566301525,2026-10-07
fuerza_trabajo,2020-09-01,8413.59336809451,8431.96196249706,2026-10-07
fuerza_trabajo,2020-10-01,8701.4257542545,8709.57414459895,2026-10-07
fuerza_trabajo,2020-11-01,8907.81111398482,8909.14660428593,2026-10-07
fuerza_trabajo,2020-12-01,8938.591085608,8940.32090710617,2026-10-07
fuerza_trabajo,2021-01-01,9000.68474933884,9002.41819925851,2026-10-07
fuerza_trabajo,2021-02-01,9069.7500721094,9061.26189733026,2026-10-07
fuerza_trabajo,2021-03-01,9048.42765622277,9045.76953508712,2026-10-07
fuerza_trabajo,2021-04-01,9006.8267202383,9004.64145645638,2026-10-07
fuerza_trabajo,2021-05-01,8928.56582128644,8929.52663493107,2026-10-07
fuerza_trabajo,2021-06-01,8908.40900228085,8897.645249461,2026-10-07
fuerza_trabajo,2021-07-01,8981.76394178426,8978.42941698553,2026-10-07
fuerza_trabajo,2021-08-01,9069.03591310467,9072.19001547841,2026-10-07
fuerza_trabajo,2021-09-01,9141.72828908379,9159.3862179983,2026-10-07
fuerza_trabajo,2021-10-01,9235.23758153655,9244.54145958326,2026-10-07
fuerza_trabajo,2021-11-01,9287.00968616142,9285.43018602154,2026-10-07
fuerza_trabajo,2021-12-01,9327.71306896091,9326.70442656378,2026-10-07
fuerza_trabajo,2022-01-01,9338.64786905696,9337.2440520919,2026-10-07
fuerza_trabajo,2022-02-01,9426.61363899396,9416.82054810682,2026-10-07
fuerza_trabajo,2022-03-01,9493.4777167445,9489.8136686128,2026-10-07
fuerza_trabajo,2022-04-01,9549.08827463838,9547.03356406778,2026-10-07
fuerza_trabajo,2022-05-01,9594.98384568006,9598.76147206447,2026-10-07
fuerza_trabajo,2022-06-01,9613.23184808666,9607.41600544192,2026-10-07
fuerza_trabajo,2022-07-01,9650.5017227327,9647.99296788839,2026-10-07
fuerza_trabajo,2022-08-01,9661.30259227233,9664.21578731692,2026-10-07
fuerza_trabajo,2022-09-01,9658.81285854254,9671.31523648923,2026-10-07
fuerza_trabajo,2022-10-01,9679.18574617153,9688.2421338128,2026-10-07
fuerza_trabajo,2022-11-01,9685.30783538684,9684.33380282509,2026-10-07
fuerza_trabajo,2023-01-01,9746.82401405796,9743.30645609881,2026-10-07
fuerza_trabajo,2023-02-01,9799.68927868556,9791.59888789894,2026-10-07
fuerza_trabajo,2023-03-01,9822.67080971714,9819.70948109708,2026-10-07
fuerza_trabajo,2023-05-01,9860.31895836445,9864.74047344356,2026-10-07
fuerza_trabajo,2023-06-01,9895.799190708,9893.27262660994,2026-10-07
fuerza_trabajo,2023-07-01,9930.50593226574,9929.35975963479,2026-10-07
fuerza_trabajo,2023-08-01,9938.46028489488,9939.80059730325,2026-10-07
fuerza_trabajo,2023-09-01,9952.27849743312,9959.85828415132,2026-10-07
fuerza_trabajo,2023-10-01,9980.26130426799,9987.36652210269,2026-10-07
fuerza_trabajo,2023-11-01,10051.9638552807,10050.7457350456,2026-10-07
fuerza_trabajo,2024-01-01,10086.476533606,10080.3800290791,2026-10-07
fuerza_trabajo,2024-02-01,10116.897322863,10111.3823177143,2026-10-07
fuerza_trabajo,2024-03-01,10137.5295497234,10135.4559310582,2026-10-07
fuerza_trabajo,2024-05-01,10156.6846565695,10160.4782019922,2026-10-07
fuerza_trabajo,2024-09-01,10175.5771639225,10180.189587315,2026-10-07
fuerza_trabajo,2024-10-01,10164.8600530544,10169.7229046312,2026-10-07
fuerza_trabajo,2025-01-01,10178.1536845603,10171.7774034476,2026-10-07
fuerza_trabajo,2025-02-01,10202.4752491509,10199.0548171704,2026-10-07
fuerza_trabajo,2025-03-01,10232.5513709321,10231.1089326537,2026-10-07
fuerza_trabajo,2025-05-01,10236.8535004034,10239.442472963,2026-10-07
fuerza_trabajo,2025-06-01,10235.416022567,10235.5473822128,2026-10-07
fuerza_trabajo,2025-07-01,10247.2070420203,10252.29039744,2026-10-07
fuerza_trabajo,2025-08-01,10277.0712540849,10286.119283172,2026-10-07
fuerza_trabajo,2025-09-01,10297.1946989391,10308.9482403601,2026-10-07
fuerza_trabajo,2025-10-01,10301.0701316731,10308.3250026627,2026-10-07
fuerza_trabajo,2025-11-01,10305.6280739053,10310.8350432768,2026-10-07
fuerza_trabajo,2025-12-01,10306.4551682785,10307.2905304119,2026-10-07
fuerza_trabajo,2026-01-01,10329.4745722893,10323.7149757661,2026-10-07
fuerza_trabajo,2026-02-01,10299.4425761995,10296.4006042223,2026-10-07
fuerza_trabajo,2026-03-01,10305.730759069,10301.9904220533,2026-10-07
fuerza_trabajo,2026-04-01,10325.5508512307,10319.2388369023,2026-10-07
fuerza_trabajo,2026-05-01,10367.3277391906,10358.0728073683,2026-10-07
fuerza_trabajo,2026-06-01,10383.2550629382,10375.4855178693,2026-10-07
fuerza_trabajo,2026-07-01,10324.3537775275,10319.6993131022,2026-10-07
imacec,2026-01-01,111.14221486532,111.2147495657,2026-10-07
imacec,2026-02-01,104.30700623507,104.40023494049,2026-10-07
imacec,2026-03-01,120.02337985681,120.37461245107,2026-10-07
imacec,2026-04-01,114.23676788722,114.36151833836,2026-10-07
imacec,2026-05-01,112.65949171102,112.1062643168,2026-10-07
imacec,2026-06-01,111.03072012038,110.60144683703,2026-10-07
ocupados,2010-03-01,7141.47108451223,7132.18597461397,2026-10-07
ocupados,2010-04-01,7180.85768509487,7171.11649047246,2026-10-07
ocupados,2010-05-01,7186.77026259726,7182.17985738353,2026-10-07
ocupados,2010-06-01,7235.87841783958,7236.91281681802,2026-10-07
ocupados,2010-07-01,7305.46339168551,7306.84155133062,2026-10-07
ocupados,2010-08-01,7339.2691631356,7344.67416245275,2026-10-07
ocupados,2010-09-01,7423.6730779566,7429.04911084702,2026-10-07
ocupados,2010-11-01,7502.10563088361,7504.08148876738,2026-10-07
ocupados,2010-12-01,7539.92635744582,7540.93989564695,2026-10-07
ocupados,2011-01-01,7558.64915932973,7560.85695087679,2026-10-07
ocupados,2011-02-01,7559.25402757409,7564.28790090563,2026-10-07
ocupados,2011-03-01,7607.24965618731,7598.96633927913,2026-10-07
ocupados,2011-04-01,7634.45456009895,7625.89245268726,2026-10-07
ocupados,2011-05-01,7669.11820941549,7664.93688476138,2026-10-07
ocupados,2011-06-01,7714.40938104701,7715.51643373399,2026-10-07
ocupados,2011-07-01,7710.96624290791,7711.8299844323,2026-10-07
ocupados,2011-08-01,7739.89842416211,7743.77549792995,2026-10-07
ocupados,2011-09-01,7725.27105652066,7730.00864224909,2026-10-07
ocupados,2011-11-01,7713.8730362917,7716.01163160284,2026-10-07
ocupados,2012-01-01,7759.21773825528,7760.86462627158,2026-10-07
ocupados,2012-02-01,7813.2930545989,7817.50783001439,2026-10-07
ocupados,2012-03-01,7828.58004978814,7821.9948409098,2026-10-07
ocupados,2012-04-01,7828.21453685755,7822.53897054319,2026-10-07
ocupados,2012-05-01,7839.76587527238,7836.77033046374,2026-10-07
ocupados,2012-06-01,7837.72450218147,7838.51303386684,2026-10-07
ocupados,2012-08-01,7869.99036628614,7871.61843260607,2026-10-07
ocupados,2012-09-01,7911.69270238314,7915.92829203194,2026-10-07
ocupados,2012-11-01,7919.10691327731,7920.5536858847,2026-10-07
ocupados,2013-01-01,7938.87669189886,7939.82943679946,2026-10-07
ocupados,2013-02-01,7932.31301251107,7936.07271423681,2026-10-07
ocupados,2013-03-01,7975.70559027731,7971.11643729419,2026-10-07
ocupados,2013-04-01,7996.25617820561,7993.56536750146,2026-10-07
ocupados,2013-05-01,8017.89065726348,8016.18844329436,2026-10-07
ocupados,2013-07-01,8041.99906341287,8041.0397746442,2026-10-07
ocupados,2013-08-01,8075.51287899339,8074.7026179187,2026-10-07
ocupados,2013-09-01,8047.57466969632,8051.53281947201,2026-10-07
ocupados,2013-11-01,8055.92114837937,8057.14406081366,2026-10-07
ocupados,2014-02-01,8142.44491843544,8145.51020381456,2026-10-07
ocupados,2014-03-01,8142.93191244035,8139.91961659277,2026-10-07
ocupados,2014-04-01,8160.51176994932,8159.10247188444,2026-10-07
ocupados,2014-05-01,8156.39542324093,8155.25889314543,2026-10-07
ocupados,2014-07-01,8141.01523144395,8140.05863364653,2026-10-07
ocupados,2014-08-01,8112.93733339884,8111.38889819008,2026-10-07
ocupados,2014-09-01,8123.59617886546,8127.77792610505,2026-10-07
ocupados,2015-02-01,8203.10459489748,8205.52499107787,2026-10-07
ocupados,2015-03-01,8220.8693802248,8218.59675220142,2026-10-07
ocupados,2015-04-01,8212.25239226359,8210.56584569895,2026-10-07
ocupados,2015-07-01,8278.70108141054,8277.37105442288,2026-10-07
ocupados,2015-08-01,8320.49778088829,8318.91604249173,2026-10-07
ocupados,2015-09-01,8336.09813443588,8341.41220678241,2026-10-07
ocupados,2015-10-01,8342.24716425785,8343.31657976431,2026-10-07
ocupados,2016-01-01,8376.58366727217,8375.73124200607,2026-10-07
ocupados,2016-02-01,8358.5437615284,8359.46972055401,2026-10-07
ocupados,2016-03-01,8353.93292063202,8351.05917177412,2026-10-07
ocupados,2016-04-01,8363.05515545623,8359.95249680715,2026-10-07
ocupados,2016-09-01,8409.61845326373,8417.8840920368,2026-10-07
ocupados,2016-10-01,8424.05146616354,8425.94456307908,2026-10-07
ocupados,2016-11-01,8445.75043511916,8446.60255349197,2026-10-07
ocupados,2017-01-01,8454.17061815284,8452.27916450338,2026-10-07
ocupados,2017-02-01,8431.71111446687,8430.00898691199,2026-10-07
ocupados,2017-03-01,8480.5645127768,8476.45682338018,2026-10-07
ocupados,2017-04-01,8490.78853447718,8486.31301973847,2026-10-07
ocupados,2017-06-01,8561.32403925649,8560.05711632387,2026-10-07
ocupados,2017-08-01,8642.52104572371,8644.04619412008,2026-10-07
ocupados,2017-09-01,8642.15174788755,8656.34483876026,2026-10-07
ocupados,2017-10-01,8651.91878305317,8654.85499534523,2026-10-07
ocupados,2018-01-01,8705.28116623984,8703.45442021072,2026-10-07
ocupados,2018-02-01,8731.9396495823,8726.17589513069,2026-10-07
ocupados,2018-03-01,8755.14753171322,8749.40070155769,2026-10-07
ocupados,2018-04-01,8775.97878626649,8769.50276346728,2026-10-07
ocupados,2018-06-01,8794.75043269841,8792.52364028653,2026-10-07
ocupados,2018-08-01,8774.04241041371,8778.02154279374,2026-10-07
ocupados,2018-09-01,8739.17246853506,8759.3275470429,2026-10-07
ocupados,2018-10-01,8801.65642257919,8806.99223266675,2026-10-07
ocupados,2018-11-01,8814.36581976814,8812.56454696557,2026-10-07
ocupados,2018-12-01,8843.44016631584,8842.05492697752,2026-10-07
ocupados,2019-01-01,8835.71058854917,8833.42956962711,2026-10-07
ocupados,2019-02-01,8855.72133320437,8845.51911142949,2026-10-07
ocupados,2019-03-01,8872.01844192728,8865.09920389837,2026-10-07
ocupados,2019-04-01,8912.0415307482,8904.73469259664,2026-10-07
ocupados,2019-05-01,8935.80462870334,8937.55274844339,2026-10-07
ocupados,2019-06-01,8961.61313160457,8959.06980812601,2026-10-07
ocupados,2019-08-01,8994.19460691816,8999.94381033494,2026-10-07
ocupados,2019-09-01,9031.41847200078,9056.23347664936,2026-10-07
ocupados,2019-10-01,9021.7180199391,9029.15102414364,2026-10-07
ocupados,2019-11-01,9036.99227820132,9033.66668940924,2026-10-07
ocupados,2019-12-01,9013.78815459698,9011.04404382487,2026-10-07
ocupados,2020-01-01,9021.5690150369,9018.9252761488,2026-10-07
ocupados,2020-02-01,9007.14634738838,8993.75423204266,2026-10-07
ocupados,2020-03-01,8926.62284293671,8918.71753569276,2026-10-07
ocupados,2020-04-01,8231.78499326697,8224.88443040234,2026-10-07
ocupados,2020-05-01,7456.32441861431,7458.43725383504,2026-10-07
ocupados,2020-06-01,7170.70381394749,7168.15606814633,2026-10-07
ocupados,2020-07-01,7124.97010202907,7123.54198249699,2026-10-07
ocupados,2020-08-01,7239.93658559752,7244.99766211832,2026-10-07
ocupados,2020-09-01,7392.36708295626,7412.48235926834,2026-10-07
ocupados,2020-10-01,7690.70836669075,7698.55617830482,2026-10-07
ocupados,2020-11-01,7913.92465997223,7912.17832681949,2026-10-07
ocupados,2020-12-01,7964.09224359846,7960.96756383869,2026-10-07
ocupados,2021-01-01,8043.99254725359,8041.04165668811,2026-10-07
ocupados,2021-02-01,8122.20792957051,8109.33408386264,2026-10-07
ocupados,2021-03-01,8133.65849495392,8126.34198153549,2026-10-07
ocupados,2021-04-01,8097.27077977609,8091.46874943696,2026-10-07
ocupados,2021-05-01,8044.58890941347,8048.41001804025,2026-10-07
ocupados,2021-06-01,8070.60535296578,8069.39334148078,2026-10-07
ocupados,2021-08-01,8316.90630720496,8322.7848804023,2026-10-07
ocupados,2021-09-01,8384.49866699718,8403.41782766575,2026-10-07
ocupados,2021-10-01,8488.45443856921,8496.52913533343,2026-10-07
ocupados,2021-11-01,8564.2645182399,8561.00757831031,2026-10-07
ocupados,2021-12-01,8617.53916377897,8613.30822662687,2026-10-07
ocupados,2022-01-01,8630.42270671632,8627.18793772447,2026-10-07
ocupados,2022-02-01,8709.40562021827,8696.6156167018,2026-10-07
ocupados,2022-03-01,8772.77500475243,8765.43529445677,2026-10-07
ocupados,2022-04-01,8823.95797826941,8819.51114420128,2026-10-07
ocupados,2022-05-01,8855.89819161029,8861.73538225921,2026-10-07
ocupados,2022-08-01,8916.16169041596,8921.7511307572,2026-10-07
ocupados,2022-09-01,8892.18074775853,8905.60736583704,2026-10-07
ocupados,2022-10-01,8908.64860045642,8915.43744435817,2026-10-07
ocupados,2022-11-01,8893.08077109733,8890.58108090573,2026-10-07
ocupados,2022-12-01,8908.61982871553,8905.05884279897,2026-10-07
ocupados,2023-01-01,8928.5730956835,8924.3544065021,2026-10-07
ocupados,2023-02-01,8966.62571701399,8956.03499949374,2026-10-07
ocupados,2023-03-01,8979.90999120637,8973.26211375864,2026-10-07
ocupados,2023-04-01,8990.20174251147,8987.69633077255,2026-10-07
ocupados,2023-05-01,9030.51334446189,9035.7425668332,2026-10-07
ocupados,2023-06-01,9058.20757372857,9061.09817322416,2026-10-07
ocupados,2023-07-01,9080.64969459456,9082.63705949284,2026-10-07
ocupados,2023-08-01,9066.2171970506,9071.03423331584,2026-10-07
ocupados,2023-09-01,9076.80987573403,9084.8228448488,2026-10-07
ocupados,2023-10-01,9097.04920509688,9101.54049492819,2026-10-07
ocupados,2023-11-01,9152.76953436338,9149.50277571561,2026-10-07
ocupados,2023-12-01,9171.49638502397,9168.45438167248,2026-10-07
ocupados,2024-01-01,9197.39553683339,9192.16852265464,2026-10-07
ocupados,2024-02-01,9240.46064989817,9233.54421502191,2026-10-07
ocupados,2024-03-01,9279.97802039431,9275.2461750256,2026-10-07
ocupados,2024-04-01,9318.63481324081,9317.60889410675,2026-10-07
ocupados,2024-05-01,9325.86750515754,9328.83399795761,2026-10-07
ocupados,2024-06-01,9339.87544963335,9344.38284555509,2026-10-07
ocupados,2024-07-01,9306.42354989482,9309.29687352446,2026-10-07
ocupados,2024-08-01,9297.07517284284,9300.8545704233,2026-10-07
ocupados,2024-09-01,9298.92273855931,9303.63323768242,2026-10-07
ocupados,2024-10-01,9296.79328086378,9299.38280872825,2026-10-07
ocupados,2024-11-01,9302.9637261694,9300.03392095738,2026-10-07
ocupados,2024-12-01,9259.93552500374,9257.93687748868,2026-10-07
ocupados,2025-01-01,9321.56830096179,9315.45014809188,2026-10-07
ocupados,2025-02-01,9327.80064028107,9324.05163519973,2026-10-07
ocupados,2025-03-01,9361.37270649962,9358.70489008719,2026-10-07
ocupados,2025-04-01,9336.91461092714,9335.95509936995,2026-10-07
ocupados,2025-06-01,9334.54247860154,9339.77098114866,2026-10-07
ocupados,2025-07-01,9376.27806238607,9383.511452829,2026-10-07
ocupados,2025-08-01,9418.04943071858,9431.98594493218,2026-10-07
ocupados,2025-09-01,9432.96519112991,9447.49805217948,2026-10-07
ocupados,2025-10-01,9435.64734264954,9443.10019086852,2026-10-07
ocupados,2025-11-01,9420.65176365045,9421.92407635358,2026-10-07
ocupados,2025-12-01,9430.23315075112,9429.3185537179,2026-10-07
ocupados,2026-01-01,9432.23927741679,9426.61780355756,2026-10-07
ocupados,2026-02-01,9420.82073230234,9417.02911710286,2026-10-07
ocupados,2026-03-01,9405.18606989819,9399.74630443907,2026-10-07
ocupados,2026-04-01,9404.86251127322,9395.67513215198,2026-10-07
ocupados,2026-05-01,9410.2484837145,9396.39525006432,2026-10-07
ocupados,2026-06-01,9419.98371000577,9410.93001024957,2026-10-07
ocupados,2026-07-01,9366.60074247492,9362.27026371546,2026-10-07
pib_chile,2013-01-01,33553.13199816,33554.531844952,2026-10-07
pib_chile,2013-04-01,33895.834713275,33897.690352163,2026-10-07
pib_chile,2013-07-01,34637.145111255,34637.678301897,2026-10-07
pib_chile,2013-10-01,35293.500552282,35290.674369611,2026-10-07
pib_chile,2014-01-01,35906.754365273,35908.337962538,2026-10-07
pib_chile,2014-04-01,36697.802890914,36699.144472387,2026-10-07
pib_chile,2014-07-01,37111.770152807,37111.571834399,2026-10-07
pib_chile,2014-10-01,38228.397389537,38226.607558546,2026-10-07
pib_chile,2015-01-01,39102.958621503,39103.237348608,2026-10-07
pib_chile,2015-04-01,39465.913880918,39466.354083296,2026-10-07
pib_chile,2015-07-01,39639.082937806,39640.105310615,2026-10-07
pib_chile,2015-10-01,40379.339896313,40379.233571159,2026-10-07
pib_chile,2016-01-01,41530.011673561,41528.54225725,2026-10-07
pib_chile,2016-04-01,41438.663722504,41439.82059481,2026-10-07
pib_chile,2016-07-01,42462.028331987,42462.926895365,2026-10-07
pib_chile,2016-10-01,43060.615115948,43059.784969025,2026-10-07
pib_chile,2017-01-01,43118.247635556,43116.226733607,2026-10-07
pib_chile,2017-04-01,44313.479343411,44316.06392119,2026-10-07
pib_chile,2017-07-01,45734.170930912,45733.22860664,2026-10-07
pib_chile,2017-10-01,46363.212450689,46362.413996889,2026-10-07
pib_chile,2018-01-01,46851.835890784,46846.732087084,2026-10-07
pib_chile,2018-04-01,47306.733236727,47311.936306804,2026-10-07
pib_chile,2018-07-01,47288.537579367,47287.864935195,2026-10-07
pib_chile,2018-10-01,48254.014466081,48254.575269029,2026-10-07
pib_chile,2019-01-01,48335.216242619,48323.402106174,2026-10-07
pib_chile,2019-04-01,48979.007380452,48989.574616308,2026-10-07
pib_chile,2019-07-01,49570.305034235,49570.69866801,2026-10-07
pib_chile,2019-10-01,48749.255745834,48751.1502413,2026-10-07
pib_chile,2020-01-01,50789.908824811,50769.882681876,2026-10-07
pib_chile,2020-04-01,46805.91394377,46824.090685552,2026-10-07
pib_chile,2020-07-01,49433.743437433,49434.326069665,2026-10-07
pib_chile,2020-10-01,53785.908328642,53786.52102047,2026-10-07
pib_chile,2021-01-01,56278.827101607,56244.551238442,2026-10-07
pib_chile,2021-04-01,57953.331079006,57990.996357146,2026-10-07
pib_chile,2021-07-01,61403.532107165,61406.668704331,2026-10-07
pib_chile,2021-10-01,63913.230111591,63911.803369709,2026-10-07
pib_chile,2022-01-01,64054.518195754,63999.543872533,2026-10-07
pib_chile,2022-04-01,64186.925839202,64233.979148836,2026-10-07
pib_chile,2022-07-01,66331.554329932,66349.529505786,2026-10-07
pib_chile,2022-10-01,68420.875958921,68414.683054488,2026-10-07
pib_chile,2023-01-01,70245.900945677,70164.269904405,2026-10-07
pib_chile,2023-04-01,70105.607724412,70185.184880993,2026-10-07
pib_chile,2023-07-01,70153.560535306,70183.067688788,2026-10-07
pib_chile,2023-10-01,71933.958587252,71907.131231555,2026-10-07
pib_chile,2024-01-01,76468.890248478,76339.256631227,2026-10-07
pib_chile,2024-04-01,76204.544533076,76337.535788301,2026-10-07
pib_chile,2024-07-01,77851.403573369,77902.034811816,2026-10-07
pib_chile,2024-10-01,79861.672967842,79809.319047524,2026-10-07
pib_chile,2025-01-01,82367.815227845,82171.769574904,2026-10-07
pib_chile,2025-04-01,84508.852012594,84713.984884345,2026-10-07
pib_chile,2025-07-01,85661.033131,85738.344248395,2026-10-07
pib_chile,2025-10-01,87583.673201614,87511.807359165,2026-10-07
pib_chile,2026-01-01,89335.447601091,90113.077525151,2026-10-07
pib_deflactor,2026-01-01,167.39721472196,168.760756031515,2026-10-07
pib_mineria,2013-01-01,1361.9995959748,1364.1062676103,2026-10-07
pib_mineria,2013-02-01,1314.4672840269,1315.9770452453,2026-10-07
pib_mineria,2013-03-01,1371.9927235374,1373.7006662519,2026-10-07
pib_mineria,2013-04-01,1367.840036397,1369.0238442091,2026-10-07
pib_mineria,2013-05-01,1341.4788742829,1342.1960491432,2026-10-07
pib_mineria,2013-06-01,1422.2639337217,1423.8068096468,2026-10-07
pib_mineria,2013-07-01,1388.6473906294,1387.8557638112,2026-10-07
pib_mineria,2013-08-01,1408.7791452238,1409.1785545613,2026-10-07
pib_mineria,2013-09-01,1395.1846527573,1394.0324462114,2026-10-07
pib_mineria,2013-10-01,1407.6130056874,1405.8871106869,2026-10-07
pib_mineria,2013-11-01,1422.5998620031,1420.500031135,2026-10-07
pib_mineria,2013-12-01,1369.5890485978,1367.3186645165,2026-10-07
pib_mineria,2014-01-01,1363.7991419354,1365.657622646,2026-10-07
pib_mineria,2014-02-01,1429.9064689916,1431.4191230581,2026-10-07
pib_mineria,2014-03-01,1392.1697752311,1393.7606849713,2026-10-07
pib_mineria,2014-04-01,1463.5552573398,1464.5989971549,2026-10-07
pib_mineria,2014-05-01,1446.8580011458,1447.4767540284,2026-10-07
pib_mineria,2014-06-01,1438.3502432162,1439.6038658804,2026-10-07
pib_mineria,2014-07-01,1400.0268252487,1399.3391468716,2026-10-07
pib_mineria,2014-08-01,1392.3248310998,1392.4001005122,2026-10-07
pib_mineria,2014-09-01,1390.9797710005,1390.0657447957,2026-10-07
pib_mineria,2014-10-01,1420.4878022999,1419.1285290634,2026-10-07
pib_mineria,2014-11-01,1386.2857596786,1384.6356908549,2026-10-07
pib_mineria,2014-12-01,1429.9374403265,1428.0520554825,2026-10-07
pib_mineria,2015-01-01,1536.1917473809,1538.1013774055,2026-10-07
pib_mineria,2015-02-01,1442.0062348544,1443.2832419858,2026-10-07
pib_mineria,2015-03-01,1406.3841646288,1407.7919260946,2026-10-07
pib_mineria,2015-04-01,1463.6876923034,1464.580495265,2026-10-07
pib_mineria,2015-05-01,1444.4684781343,1444.9843293513,2026-10-07
pib_mineria,2015-06-01,1484.8459164396,1485.8622985438,2026-10-07
pib_mineria,2015-07-01,1340.8185196629,1340.2601455961,2026-10-07
pib_mineria,2015-08-01,1255.184661527,1254.9468389972,2026-10-07
pib_mineria,2015-09-01,1354.9463490505,1354.2189571077,2026-10-07
pib_mineria,2015-10-01,1359.5451128583,1358.5120872538,2026-10-07
pib_mineria,2015-11-01,1319.1334015014,1317.8225028243,2026-10-07
pib_mineria,2015-12-01,1344.7233953395,1343.4616710488,2026-10-07
pib_mineria,2016-01-01,1391.3319674124,1392.7741875184,2026-10-07
pib_mineria,2016-02-01,1410.2931661747,1411.2053736106,2026-10-07
pib_mineria,2016-03-01,1412.1974785155,1413.3101335227,2026-10-07
pib_mineria,2016-04-01,1346.7728381439,1347.6546544398,2026-10-07
pib_mineria,2016-05-01,1386.4113667979,1386.7455406787,2026-10-07
pib_mineria,2016-06-01,1342.5003310215,1343.114109316,2026-10-07
pib_mineria,2016-07-01,1341.2249391904,1340.8532120152,2026-10-07
pib_mineria,2016-08-01,1326.7725693742,1326.2204372085,2026-10-07
pib_mineria,2016-09-01,1320.5206751315,1320.0161990254,2026-10-07
pib_mineria,2016-10-01,1268.4965843592,1267.839615737,2026-10-07
pib_mineria,2016-11-01,1332.0607611327,1331.0262740244,2026-10-07
pib_mineria,2016-12-01,1297.6162217268,1296.7599835789,2026-10-07
pib_mineria,2017-01-01,1324.9030158151,1325.8035586105,2026-10-07
pib_mineria,2017-02-01,1196.1926446566,1196.6308674251,2026-10-07
pib_mineria,2017-03-01,1080.8802341777,1081.4719292628,2026-10-07
pib_mineria,2017-04-01,1267.1964105294,1268.0612961755,2026-10-07
pib_mineria,2017-05-01,1300.7542938629,1301.7758741712,2026-10-07
pib_mineria,2017-06-01,1290.9628166154,1291.2942342221,2026-10-07
pib_mineria,2017-07-01,1380.1145877457,1379.5643134347,2026-10-07
pib_mineria,2017-08-01,1440.4718007475,1439.5118588376,2026-10-07
pib_mineria,2017-09-01,1409.4326394945,1408.8555368361,2026-10-07
pib_mineria,2017-10-01,1441.7369863339,1441.331500416,2026-10-07
pib_mineria,2017-11-01,1380.7489784238,1379.965187801,2026-10-07
pib_mineria,2017-12-01,1333.4276425175,1332.8977162359,2026-10-07
pib_mineria,2018-01-01,1414.3578535474,1414.7686144961,2026-10-07
pib_mineria,2018-02-01,1470.7131375572,1471.0284174475,2026-10-07
pib_mineria,2018-03-01,1426.1789010741,1426.1861962558,2026-10-07
pib_mineria,2018-04-01,1353.2333988161,1354.1960490459,2026-10-07
pib_mineria,2018-05-01,1369.4559126088,1372.4111158644,2026-10-07
pib_mineria,2018-06-01,1347.9062691142,1347.9715480344,2026-10-07
pib_mineria,2018-07-01,1430.215263623,1429.2780148972,2026-10-07
pib_mineria,2018-08-01,1375.933919607,1374.5803001442,2026-10-07
pib_mineria,2018-09-01,1401.8737541606,1401.0919056489,2026-10-07
pib_mineria,2018-10-01,1354.0792928766,1353.8160041225,2026-10-07
pib_mineria,2018-11-01,1494.5165769497,1493.8427687579,2026-10-07
pib_mineria,2018-12-01,1388.4424811943,1387.9960831015,2026-10-07
pib_mineria,2019-01-01,1331.6144187907,1331.5616945753,2026-10-07
pib_mineria,2019-02-01,1294.9367646454,1295.1627450001,2026-10-07
pib_mineria,2019-03-01,1338.878852088,1338.2890637294,2026-10-07
pib_mineria,2019-04-01,1364.5705792148,1365.619205024,2026-10-07
pib_mineria,2019-05-01,1327.2759483677,1332.0016511855,2026-10-07
pib_mineria,2019-06-01,1319.917213099,1319.7279853279,2026-10-07
pib_mineria,2019-07-01,1344.7893700939,1343.5322332539,2026-10-07
pib_mineria,2019-08-01,1397.2060806658,1395.375982776,2026-10-07
pib_mineria,2019-09-01,1349.3049879314,1348.3519269721,2026-10-07
pib_mineria,2019-10-01,1312.5782826944,1312.3735006098,2026-10-07
pib_mineria,2019-11-01,1323.9003199959,1323.4729631398,2026-10-07
pib_mineria,2019-12-01,1352.4263683191,1352.1131856605,2026-10-07
pib_mineria,2020-01-01,1324.9552182085,1324.4289490427,2026-10-07
pib_mineria,2020-02-01,1348.7540183877,1348.9290868964,2026-10-07
pib_mineria,2020-03-01,1332.4082532683,1331.3216398977,2026-10-07
pib_mineria,2020-04-01,1353.6142590514,1355.1835804727,2026-10-07
pib_mineria,2020-05-01,1360.30797673,1366.774778188,2026-10-07
pib_mineria,2020-06-01,1360.1908019023,1359.284701458,2026-10-07
pib_mineria,2020-07-01,1397.5905113448,1396.1306484944,2026-10-07
pib_mineria,2020-08-01,1399.7552535777,1397.7417056906,2026-10-07
pib_mineria,2020-09-01,1350.8421453099,1349.8261150553,2026-10-07
pib_mineria,2020-10-01,1345.9645615355,1345.5881832712,2026-10-07
pib_mineria,2020-11-01,1333.7037124324,1333.1464063213,2026-10-07
pib_mineria,2020-12-01,1246.4092797873,1246.0246774959,2026-10-07
pib_mineria,2021-01-01,1312.0034474449,1310.8962625984,2026-10-07
pib_mineria,2021-02-01,1320.7170693026,1320.4672250806,2026-10-07
pib_mineria,2021-03-01,1346.5626933663,1345.2602450971,2026-10-07
pib_mineria,2021-04-01,1412.5727675595,1416.9319973786,2026-10-07
pib_mineria,2021-05-01,1350.4985078353,1359.2379217465,2026-10-07
pib_mineria,2021-06-01,1315.4963684778,1311.9867799437,2026-10-07
pib_mineria,2021-07-01,1281.6244113981,1279.8617031484,2026-10-07
pib_mineria,2021-08-01,1261.7247935544,1259.5438866274,2026-10-07
pib_mineria,2021-09-01,1182.7507218746,1181.8656615009,2026-10-07
pib_mineria,2021-10-01,1269.4188749916,1269.1621314392,2026-10-07
pib_mineria,2021-11-01,1265.0362829503,1264.5708614752,2026-10-07
pib_mineria,2021-12-01,1199.4895157991,1199.3576186229,2026-10-07
pib_mineria,2022-01-01,1157.0573086099,1155.6459917389,2026-10-07
pib_mineria,2022-02-01,1168.2180717849,1167.5055321153,2026-10-07
pib_mineria,2022-03-01,1241.2389179248,1239.772281727,2026-10-07
pib_mineria,2022-04-01,1208.3114532687,1214.2971603228,2026-10-07
pib_mineria,2022-05-01,1283.371413175,1294.2054392443,2026-10-07
pib_mineria,2022-06-01,1213.3064368666,1207.1881014843,2026-10-07
pib_mineria,2022-07-01,1140.6264412988,1138.6436724452,2026-10-07
pib_mineria,2022-08-01,1136.1243910469,1133.7392288204,2026-10-07
pib_mineria,2022-09-01,1135.9890810688,1135.0963744619,2026-10-07
pib_mineria,2022-10-01,1275.0292603756,1274.9386392234,2026-10-07
pib_mineria,2022-11-01,1216.7265021995,1216.3362162038,2026-10-07
pib_mineria,2022-12-01,1205.328379142,1205.5722477147,2026-10-07
pib_mineria,2023-01-01,1229.0554756302,1228.7493601723,2026-10-07
pib_mineria,2023-02-01,1145.0459119518,1145.0114931738,2026-10-07
pib_mineria,2023-03-01,1112.0086623454,1111.4585296834,2026-10-07
pib_mineria,2023-04-01,1207.8543481653,1212.5607601625,2026-10-07
pib_mineria,2023-05-01,1162.4827123584,1170.0422491771,2026-10-07
pib_mineria,2023-06-01,1236.2319432131,1228.5677858257,2026-10-07
pib_mineria,2023-07-01,1224.6014655527,1222.3053945823,2026-10-07
pib_mineria,2023-08-01,1224.4823261064,1222.1727214125,2026-10-07
pib_mineria,2023-09-01,1297.0053848713,1296.4204864531,2026-10-07
pib_mineria,2023-10-01,1242.4969910109,1242.7741792717,2026-10-07
pib_mineria,2023-11-01,1240.2849788128,1240.5590791788,2026-10-07
pib_mineria,2023-12-01,1180.19871133,1181.4461867926,2026-10-07
pib_mineria,2024-01-01,1243.804685723,1242.7825318951,2026-10-07
pib_mineria,2024-02-01,1258.6671875586,1257.9918558856,2026-10-07
pib_mineria,2024-03-01,1226.3882464928,1225.2633711431,2026-10-07
pib_mineria,2024-04-01,1190.2335028994,1196.2803189632,2026-10-07
pib_mineria,2024-05-01,1200.0253175239,1209.9969779912,2026-10-07
pib_mineria,2024-06-01,1289.7299866696,1280.0730932683,2026-10-07
pib_mineria,2024-07-01,1282.3321340737,1279.4921106673,2026-10-07
pib_mineria,2024-08-01,1320.7294234815,1317.7141328219,2026-10-07
pib_mineria,2024-09-01,1307.4613920301,1306.69399327,2026-10-07
pib_mineria,2024-10-01,1300.5804463979,1301.2303079716,2026-10-07
pib_mineria,2024-11-01,1291.8445927418,1292.0962839063,2026-10-07
pib_mineria,2024-12-01,1373.0576396048,1374.891929648,2026-10-07
pib_mineria,2025-01-01,1253.9116377034,1251.8779684583,2026-10-07
pib_mineria,2025-02-01,1222.515057256,1220.4082627943,2026-10-07
pib_mineria,2025-03-01,1311.6346094512,1309.2244550544,2026-10-07
pib_mineria,2025-04-01,1384.0785497712,1395.3846646419,2026-10-07
pib_mineria,2025-05-01,1391.4878440924,1407.0095808505,2026-10-07
pib_mineria,2025-06-01,1177.5189370685,1166.3049178616,2026-10-07
pib_mineria,2025-07-01,1242.6233445161,1239.2878786459,2026-10-07
pib_mineria,2025-08-01,1220.9452120404,1217.5875759836,2026-10-07
pib_mineria,2025-09-01,1249.9367376901,1249.0435123787,2026-10-07
pib_mineria,2025-10-01,1244.5771099527,1245.5847890371,2026-10-07
pib_mineria,2025-11-01,1229.1766942583,1229.4810111022,2026-10-07
pib_mineria,2025-12-01,1252.3480034037,1254.4621080104,2026-10-07
pib_mineria,2026-01-01,1234.8271027993,1235.5322258975,2026-10-07
pib_mineria,2026-02-01,1228.7250610588,1229.8696669369,2026-10-07
pib_mineria,2026-03-01,1214.7710726365,1215.721519144,2026-10-07
pib_no_minero,2013-01-01,38064.991397736,38060.57017177,2026-10-07
pib_no_minero,2013-04-01,38330.801462811,38329.214544515,2026-10-07
pib_no_minero,2013-07-01,38527.971975215,38530.559305905,2026-10-07
pib_no_minero,2013-10-01,38673.226654038,38676.566316813,2026-10-07
pib_no_minero,2014-01-01,38812.004600272,38807.910396588,2026-10-07
pib_no_minero,2014-04-01,38984.91486516,38983.006897691,2026-10-07
pib_no_minero,2014-07-01,38977.742674572,38979.894186604,2026-10-07
pib_no_minero,2014-10-01,39387.548442336,39390.82698455,2026-10-07
pib_no_minero,2015-01-01,39515.730318918,39511.825100023,2026-10-07
pib_no_minero,2015-04-01,39925.193024202,39923.343259493,2026-10-07
pib_no_minero,2015-07-01,40189.267589928,40192.173667263,2026-10-07
pib_no_minero,2015-10-01,40459.855293609,40462.822518954,2026-10-07
pib_no_minero,2016-01-01,40688.167924244,40683.81424378,2026-10-07
pib_no_minero,2016-04-01,40646.82540199,40645.506804269,2026-10-07
pib_no_minero,2016-07-01,40992.099633964,40994.86222398,2026-10-07
pib_no_minero,2016-10-01,41038.332566031,41039.909218407,2026-10-07
pib_no_minero,2017-01-01,40991.695355983,40987.656907769,2026-10-07
pib_no_minero,2017-04-01,41369.134923002,41367.91739909,2026-10-07
pib_no_minero,2017-07-01,41905.379035648,41907.669254983,2026-10-07
pib_no_minero,2017-10-01,42278.83391625,42280.20020477,2026-10-07
pib_no_minero,2018-01-01,42658.473566647,42652.55094149,2026-10-07
pib_no_minero,2018-04-01,43412.075374513,43411.554509036,2026-10-07
pib_no_minero,2018-07-01,43125.533615562,43129.383264564,2026-10-07
pib_no_minero,2018-10-01,43678.131855109,43680.452865206,2026-10-07
pib_no_minero,2019-01-01,43769.388515663,43758.639971664,2026-10-07
pib_no_minero,2019-04-01,44353.222501536,44355.422391476,2026-10-07
pib_no_minero,2019-07-01,44187.928312081,44194.156415067,2026-10-07
pib_no_minero,2019-10-01,42375.230022606,42378.376525694,2026-10-07
pib_no_minero,2020-01-01,43345.41267153,43328.961736925,2026-10-07
pib_no_minero,2020-04-01,37336.650968059,37339.812666298,2026-10-07
pib_no_minero,2020-07-01,39320.563196846,39329.724408458,2026-10-07
pib_no_minero,2020-10-01,42393.482139151,42397.186288331,2026-10-07
pib_no_minero,2021-01-01,44312.983763817,44288.8743393,2026-10-07
pib_no_minero,2021-04-01,44733.051719061,44744.025131027,2026-10-07
pib_no_minero,2021-07-01,47285.045877341,47298.880927394,2026-10-07
pib_no_minero,2021-10-01,48202.152944297,48203.660133097,2026-10-07
pib_no_minero,2022-01-01,48020.276539477,47983.846964731,2026-10-07
pib_no_minero,2022-04-01,47892.309066366,47912.443319592,2026-10-07
pib_no_minero,2022-07-01,47985.55000924,48005.804710301,2026-10-07
pib_no_minero,2022-10-01,47325.725118045,47322.385058358,2026-10-07
pib_no_minero,2023-01-01,48032.970386397,47978.952874633,2026-10-07
pib_no_minero,2023-04-01,47991.105247477,48027.852110822,2026-10-07
pib_no_minero,2023-07-01,48185.166714589,48211.687649744,2026-10-07
pib_no_minero,2023-10-01,48492.696481309,48483.804074334,2026-10-07
pib_no_minero,2024-01-01,49123.608278668,49052.252658875,2026-10-07
pib_no_minero,2024-04-01,48808.135124719,48860.391337458,2026-10-07
pib_no_minero,2024-07-01,49350.823926737,49393.602127885,2026-10-07
pib_no_minero,2024-10-01,49785.981498695,49764.387133539,2026-10-07
pib_no_minero,2025-01-01,50670.9835499,50568.57210333,2026-10-07
pib_no_minero,2025-04-01,50553.415936505,50634.829511283,2026-10-07
pib_no_minero,2025-07-01,50778.010864606,50836.816036193,2026-10-07
pib_no_minero,2025-10-01,51052.036531271,51014.495796766,2026-10-07
pib_no_minero,2026-01-01,51015.912431863,50985.461597072,2026-10-07
